ID,Key,String
987154518016,HEALTH_POTION,小型治疗药水
1281057787904,IRON_BREASTPLATE,铁胸甲
1759560765440,IRON_GREATSWORD,铁巨剑
2302853156864,MINOR_WARRIOR_RING,小型战士戒指
4677382868992,NOVICE_GI,新手道袍
233261540216832,HEALTH_POTION_DESCRIPTION,一瓶简单的治疗药水。恢复少量生命值。
234084139700224,IRON_BREASTPLATE_DESCRIPTION,一件由铁制成的简单胸甲。提供不错的保护。
234687196729344,IRON_GREATSWORD_DESCRIPTION,一把由铁制成的廉价巨剑。
234881988595712,MINOR_WARRIOR_RING_DESCRIPTION,一枚具有轻微魔法加成的戒指，可以增强佩戴者的物理攻击。
235348193873920,NOVICE_GI_DESCR,一件供武术初学者穿着的仪式袍。
235821684658176,ADEPT_GI,精通者长袍
236056095920128,ADEPT_GI_DESCR,一件适合那些经过长时间武术修炼者的长袍。
236400704131072,CLERIC_ROBE,牧师长袍
236560905572352,CLERIC_ROBE_DESCR,一件通常由低级信徒穿着的长袍。
237517173329920,HIDE_ARMOR,皮甲
237970950885376,HIDE_ARMOR_DESCR,一种由动物皮制成的盔甲。虽然它提供的保护不多，但完全不妨碍穿戴者的移动。
238242678870016,MINOR_MAGE_RING,小法师戒指
238335339433984,MINOR_MAGE_RING_DESC,一枚带有轻微魔法增益的戒指，能够提升佩戴者的魔力。
240039900385280,SUPPLIES,物资
240392960118784,SUPPLIES_DESC,一切让队伍在野外生存所需的物品。
240546823966720,ADVENTURER_COAT,冒险者外套
240847811416064,ADVENTURER_COAT_DESCR,为冒险者制作的外套。
241082549833728,BLACKSTEEL_ARMOR,黑钢盔甲
241233431531520,BLACKSTEEL_ARMOR_DESCR,一套由黑钢制成的盔甲。提供比钢制盔甲更强的保护。
241542040031232,CHAIN_SHIRT,链甲衫
241704351207424,CHAINSHIRT_DESCR,由互锁金属环制成的防御盔甲。提供适度的保护。
241931229499392,MASTER_ROBE,大师长袍
242078764142592,MASTER_ROBE_DESCR,武术大师的长袍。
242273430179840,MINOR_RING_OF_PROTECTION,小型保护戒指
242385862692864,MINOR_RING_OF_PROTECTION_DESC,一枚具有轻微魔法保护佩戴者免受物理伤害的戒指。
242724569518080,PADDED_ARMOR,填充盔甲
242855519883264,PADDED_ARMOR_DESCR,由绗缝布料和填充物组成的填充盔甲。
243055718207488,PLATE_ARMOUR,板甲
243135774887936,PLATE_ARMOUR_DESCR,一套覆盖全身的重型盔甲。提供极佳的保护，但会妨碍佩戴者的移动。
243507918704640,GRAND_MASTER_ROBE,大师长袍
243629503188992,GRAND_MASTER_ROBE_DESCR,适合那些达到武术巅峰的人的长袍。
243838371139584,MAGE_ROBE,法师长袍
243895019409408,MAGE_ROBE_DESCR,适合精通奥术技艺的人的长袍。
244040586924032,MINOR_DODGE_RING,小型闪避戒指
244895499325440,MINOR_DODGE_RING_DESCR,一枚具有轻微魔法增强佩戴者反应能力的戒指。
245040852930560,MITHRIL_ARMOR,精金盔甲
245175590752256,MITHRIL_ARMOR_DESCR,一套由精金制成的盔甲。很少有武器能穿透它的防御。
245423201488896,MITHRIL_SUIT,精金战衣
245619666882560,MITHRIL_SUIT_DESCR,一套由精金和可怕野兽的皮毛制成的战衣。这套战衣在提供无与伦比的保护的同时，保持了惊人的轻便性。
246083355578368,HIGH_MAGE_ROBE,高法师长袍
246221872467968,HIGH_MAGE_ROBE_DESCR,一件由稀有材料制成的长袍，适合强大的法师。
246403221590016,MINOR_RING_OF_ELEMENTAL_PROTECTION,次级元素保护戒指
246867321327616,MINOR_MANA_RING,次级法力戒指
246992529690624,MINOR_MANA_RING_DESCR,一枚具有轻微魔法增益的戒指，可以提升佩戴者的SP容量。
247350538702848,PRIEST_ROBE,牧师长袍
247864034758656,PRIEST_ROBE_DESCR,适合牧师的长袍。经过改良，更适合旅行
248049272000512,BISHOP_ROBE,主教长袍
248415187275776,BISHOP_ROBE_DESC,为高级神职人员制作的长袍。
248577859162112,KNIGHT_RING,骑士戒指
248676903456768,KNIGHT_RING_DESCR,适合骑士的戒指。
248949034094592,GRAND_MAGE_ROBE,大法师长袍
249131071082496,GRAND_MAGE_ROBE_DESCR,一件用危险怪物皮毛编织而成的强力长袍。
249353390166016,ARCHBISHOP_ROBE,大主教长袍
249485439438848,ARCH_BISHOP_ROBE_DESCR,一件用危险怪物皮毛编织而成的强力长袍。
249767758041088,PERMANENT_STRENGTH_POTION,永久力量药水
249877875298304,PERMANENT_STRENGTH_POTION_DESCR,一种稀有且难以制作的药水，可以增强力量。
608221228077056,MINOR_MAGE_POTION,小法师药水
608349687025664,MINOR_MAGE_POTION_DESCR,一种魔法药水，稍微增强施法能力。
608766084943872,MEDIUM_HEALTH_POTION,中级生命药水
608936356909056,MEDIUM_HEALTH_POTION_DESCR,一瓶中等大小的生命药水。恢复相当数量的生命值。
609174392049664,MEDIUM_MANA_POTION,中级魔力药水
609466756009984,MEDIUM_MANA_POTION_DESCR,一瓶中等大小的魔力药水。恢复相当数量的魔法值。
609665222086656,MEDIUM_ATTACK_POTION,中级攻击药水
610022044110848,MEDIUM_ATTACK_POTION_DESCR,一种可以增加物理伤害的药水。
610473623851008,MEDIUM_DEFENSE_POTION,中级防御药水
610676196151296,MEDIUM_DEFENSE_POTION_DESCR,一种可以提高物理防御的药水。
611086638157824,MEDIUM_MAGE_POTION,中级法师药水
611191340568576,MEDIUM_MAGE_POTION_DESCR,一种可以提高魔法伤害的药水。
611421368782848,CAT_POTION,猫咪药水
611596409671680,CAT_POTION_DESCR,一种赋予人猫咪灵活性的药水。
611856443936768,POTION_OF_WILLPOWER,意志力药水
612060920451072,POTION_OF_WILLPOWER_DESCR,一种帮助冒险者在危险面前坚定勇气的药水。
612369784803328,PERMANENT_ENDURANCE_POTION,永久耐力药水
612662601748480,PERMANENT_POTION_OF_ENDURANCE_DESCR,一种稀有且难以制作的药水，可以提高个人的耐力。
613543053266944,HOLY_BOOK,圣书
613664256069632,HOLY_BOOK_DESCR,一本献给信徒的书。
613866132115456,PERMANENT_DEXTERITY_POTION,永久灵巧药水
615320548970496,PERMANENT_DEXTERITY_POTION_DESCR,一种稀有且难以制作的药水，可以提高个人的灵巧。
615470935740416,PERMANENT_INTELLIGENCE_POTION,永久智力药水
615648635817984,PERMANENT_INTELLIGENCE_POTION_DESCR,一种稀有且难以制作的药水，可以提高个人的智力。
615796053020672,PERMANENT_WILLPOWER_POTION,永久意志力药水
616090283446272,PERMANENT_WILLPOWER_POTION_DESCR,一种稀有且难以制作的药水，可以提高个人的意志力。
616920915021824,TRAP_DETECTING_CLASSES,陷阱探测眼镜
616993556172800,TRAP_DETECTING_CLASSES_DESCR,帮助佩戴者探测陷阱的眼镜。
619353338712064,WATERSKIN,水袋
619465976745984,WATERSKIN_DESCR,装满水以解渴……或者扔给某人让他们湿透。嗯，扔听起来更好。
619727290273792,MINOR_RING_OF_INITIATIVE,小型主动戒指
619876599107584,MINOR_RING_OF_INITIATIVE_DESCR,一枚带有轻微魔法的戒指，可以增强佩戴者的主动性。
620045210128384,MINOR_RING_OF_RESISTANCES,小型抗性戒指
620196767109120,MINOR_RING_OF_RESISTANCES_DESC,一枚带有轻微魔法的戒指，可以提升佩戴者的抗性。
620419614674944,RING_POISON_PROTECTION,毒素保护戒指
620543355031552,RING_POISON_PROTECTION_DESCR,一枚保护佩戴者免受中毒效果的戒指。
621401673207808,RING_OF_CLEAR_MIND,清醒之戒
621576114311168,RING_OF_CLEAR_MIND_DESCR,一枚帮助佩戴者保持清醒思维的戒指。
622142370516992,GHANENTA_TALISMAN,甘亨塔护符
622307244412928,GHANENTA_TALISMAN_DESCR,一枚献给慈悲之神的护符。
622696089948160,ADVENTURER_MANUAL,冒险者手册
622839828746240,ADVENTURER_MANUAL_DESCR,一本充满新手冒险者实用技巧的书。不幸的是，并不是很多冒险者能读懂。
623096843112448,AMETHYST,紫水晶
623216384970752,AMETHYST_DESCR,一种珍贵的透明紫色宝石。
623444857098240,AMULET_EARTH_RESISTANCE,土地抗性护符
623613371650048,AMULET_EARTH_RESISTANCE_DESCR,一件稀有而强大的饰品，能增强佩戴者对地属性攻击的抵抗力。
623934969909248,AMULET_FIRE_RESISTANCE,火焰抗性护符
624101626384384,AMULET_FIRE_RESISTANCE_DESCR,一件稀有而强大的饰品，能增强佩戴者对火属性攻击的抵抗力。
624255813193728,AMULET_ICE_RESISTANCE,冰霜抗性护符
624367843053568,AMULET_ICE_RESISTANCE_DESCR,一件稀有而强大的饰品，能增强佩戴者对冰系攻击的抵抗力
624505030348800,AMULET_LIGHTNING_RESISTANCE,抵抗闪电的护身符
624634944720896,AMULET_LIGHTNING_RESISTANCE_DESCR,一件稀有而强大的饰品，能增强佩戴者对雷电攻击的抵抗力
624790331101184,AMULET_OF_CASTING,施法护身符
624889794826240,AMULET_OF_CASTING_DESCR,一枚不断为佩戴者的法力储备补充能量的护身符。
625115129614336,ANCIENT_ARTIFACTS,古代遗物
625239805300736,ANCIENT_ARTIFACTS_DESCR,一些来自已消逝帝国的古代物品。对大多数人来说毫无价值，但对像Majika这样对历史感兴趣的人来说却意义非凡。
625512871268352,ANCIENT_ARMOR,古代铠甲
625603673755648,ANCIENT_ARMOR_DESCR,一件尽管年代久远却依然保持良好状态的古代铠甲。对于普通人来说太大了，无法穿戴。
626562063831040,ANTIDOTE,解毒剂
626647015264256,ANTIDOTE_DESCR,一种可以中和大多数已知毒药的解毒剂。
626806516256768,ARMORED_GAUNTLETS,装甲手套
627186989961216,ARMORED_GAUNTLETS_DESCR,一些重型铠甲手套，提供不错的保护。
627404301045760,SCOUT_ARMOR,侦察盔甲
627564410212352,SCOUT_ARMOR_DESC,一种轻便灵活的盔甲，适合在战场上重视速度和敏捷的人穿着。
627780106489856,ASTRAL_COMPASS,星界罗盘
628283519438848,ASTRAL_COMPASS_DESCR,一种可以帮助人们在维度间导航的罗盘。
628548100329472,BANDAGES,绷带
628689096052736,BANDAGES_DESCR,干净的绷带，用于止血。
951261624963072,COMMON_HERBS,普通草药
951787485827072,COMMON_HERBS_DESCR,一组用于制作药水的基本草药。
951967215947776,COMMON_ORES,普通矿石
952032756142080,COMMON_ORES_DESCR,一组用于制作武器和盔甲的普通矿石。
952214075904000,BASILISK_HATCHLING,巴西利斯克幼崽
952331659022336,BASILISK_HATCHLING_DESCR,一只从冒险者带回的奇怪蛋中孵化出来的小巴西利斯克。尽管年幼，但它依然活泼好动。幸运的是，它似乎对冒险者公会非常忠诚。
952923198492672,BASILISK_VENOM,巴西利斯克毒液
953002194014208,BASILISK_VENOM_DESCR,一滴这种毒液足以杀死整个城镇。
953161321713664,BATTLE_GLOVES,战斗手套
953299972820992,BATTLE_GLOVES_DESCR,为喜欢用拳头而非其他武器的战士们制作的手套。
953636326641664,BIRDBULL_HEART,鸟牛之心
953913654022144,BIRDBULL_HEART_DESCR,一颗鸟牛的心脏。在简单的时代，战士们倾向于生吃它，因为他们相信这会在战场上给予他们勇气。可以作为多种药水的炼金材料。
954049012600832,SLASHERS_BLADE,切割者之刃
954204780662784,SLASHERS_BLADE_DESCR,一把锋利的猩红色刀刃，曾由巴雷特锻造。很难判断红色是来自于材料还是受害者的鲜血。
954445940559872,BOAR_LIVER,野猪肝
954564991684608,BOAR_LIVER_DESCR,一块巨型野猪的肝脏。可以作为多种药水的炼金材料。
954691068268544,TERRA_BOMB,大地炸弹
954865136078848,TERRA_BOMB_DESCR,一枚向敌人释放盖亚愤怒的炸弹。
954957846974464,INFERNO_BOMB,烈焰炸弹
955116794318848,INFERNO_BOMB_DESCR,一枚向敌人释放炽热烈焰的炸弹。
955256179429376,GLACIAL_BOMB,冰霜炸弹
955376153300992,GLACIAL_BOMB_DESCR,一枚在敌人身上释放冰雪风暴的炸弹。
955530184921088,VOLT_BOMB,电压炸弹
955676897480704,VOLT_BOMB_DESCR,一枚向敌人发射闪电的炸弹。
955846863261696,BOOTS_OF_MOBILITY,机动靴
956011816849408,BOOTS_OF_MOBILITY_DESCR,这些附魔靴子赋予穿戴者无与伦比的速度和敏捷，让他们在任何情况下都能轻松移动。
956190552920064,HUNTING_BOW,狩猎弓
956244076433408,HUNTING_BOW_DESCR,一把简单的弓，用于狩猎猎物。对付怪物时效果不佳。
956390151458816,WAR_BOW,战弓
956468899516416,WAR_BOW_DESCR,一把专门用来杀戮的弓。
956614211178496,IRONWOOD_BOW,铁木弓
956703528882176,IRONWOOD_BOW_DESCR,一把由铁木制成的强韧而灵活的弓。
956848572108800,ELDERWOOD_BOW,长者之弓
957661491138560,ELDERWOOD_BOW_DESCR,一把由长者木制成的卓越弓箭。
957870736576512,BRACERS_OF_DEFENSE,防御护腕
958021911875584,BRACERS_OF_DEFENSE_DESCR,这些坚固而附魔的护腕为佩戴者提供了增强的保护，抵御任何物理或魔法攻击，反弹攻击并减少所受伤害。
958165436764160,CHAMPION_ARMOR,冠军铠甲
958249519976448,CHAMPION_ARMOR_DESCR,一套重型华丽铠甲。穿上它让你感到与众不同。
958683710132224,CHRONO_GLASS,时间玻璃
958841743118336,CHRONO_GLASS_DESCR,一件操控时间的魔法神器。
958949591257088,CLAWS,爪子
959022815416320,CLAWS_DESCR,锋利的爪子，可以在敌人身上造成深深的伤口。
959363489370112,CLOAK_OF_FIRE,火焰斗篷
959442803658752,CLOAK_OF_FIRE_DESCR,一件散发温暖光辉的斗篷。
959940847898624,CLOAK_OF_ICE,冰霜斗篷
960049077719040,CLOAK_OF_ICE_DESCR,一件散发寒冷气息的斗篷。
960134947704832,CLOAK_OF_EARTH,大地斗篷
960234340126720,CLOAK_OF_EARTH_DESCR,一件触感坚实的斗篷。
960480914870272,CLOAK_OF_LIGHTNING,雷电斗篷
960579850113024,CLOAK_OF_LIGHTNING_DESCR,一件散发电气气息的斗篷。
960871970803712,CLOAK_ARCHMAGE,大法师的斗篷
960973904973824,CLOAK_ARCHMAGE_DESCR,一件强大的斗篷，能够为佩戴者提供对元素攻击的抵抗，并允许他们随意召唤魔法屏障进行保护，使其几乎在所有魔法和物理攻击面前无敌。
961236665536512,CLOAK_OF_VIOLENCE,暴力斗篷
961341137260544,CLOAK_OF_VIOLENCE_DESCR,通常由声名狼藉的人佩戴的斗篷
961455595622400,CRATE,箱子
961549678055424,CRATE_DESCR,一个简单的箱子。你不知道里面有什么，但它对你的任务给予者很重要。
962029963612160,CRIMSON_DAGGERS,深红匕首
962164273614848,CRIMSON_DAGGERS_DESCR,由一件悲惨夺去无数无辜生命的武器残骸锻造而成的匕首。愿它们超越阴暗的历史，服务于更高尚的目的。
962364463550464,CRIMSON_GREATSWORD,深红巨剑
962564376662016,CRIMSON_GREATSWORD_DESCR,一把由一件悲惨夺去无数无辜生命的武器残骸锻造而成的巨剑。愿这把刀超越其阴暗的历史，服务于更高尚的目的。
962679212511232,CRIMSON_SWORD_SHIELD,深红剑盾
963884340908032,CRIMSON_SWORD_SHIELD_DESCR,一套由曾经夺去无数无辜生命的武器残骸锻造而成的剑与盾。愿它们超越阴暗的历史，服务于更崇高的目的。
964163677360128,CROWN_MAGISTER,大法师之冠
964611075379200,CROWN_MAGISTER_DESCR,曾经有一个人，尽管是个傻瓜，却获得了巨大的权力。这种情况比你想象的更常见。
965017071423488,CURE,治愈
965121849331712,CURE_DESCR,一种奇迹药水，可以治愈大多数疾病。
965882717048832,CUSTOM_GAUNTLET,可修改的护手
966051567144960,CUSTOM_GAUNTLET_DESCR,这些护手可以轻松修改，以满足个人需求。
966244391882752,IRON_DAGGERS,铁匕首
967486421766144,IRON_DAGGERS_DESCR,一对由铁制成的廉价匕首。
967777254805504,FINE_DAGGERS,精美匕首
967895836168192,FINE_DAGGERS_DESCR,一对精心制作的匕首。
968386708148224,BLACKSTEEL_DAGGERS,黑钢匕首
968541272444928,BLACKSTEEL_DAGGERS_DESCR,一对由黑钢制成的锋利匕首。
972068908601344,MITHRIL_DAGGERS,精金匕首
972178245718016,MITHRIL_DAGGERS__DESCR,一对由精金制成的匕首。
972371611521024,DEMONIC_GREATSWORD,恶魔大剑
972494152306688,DEMONIC_GREATSWORD_DESCR,一把拥有可疑过去的强大武器。使用它的人说他们开始听到声音。
972677439197184,SENTINEL_PLATE,哨兵铠甲
972802865664000,SENTINEL_PLATE_DESCR,一套注重防御的盔甲。承诺能回到心爱的人身边。
3934285652201472,DEMONIC_BOW,恶魔之弓
3934431857250304,DEMONIC_BOW_DESCR,一把拥有可疑过去的强大武器。 wield 这把武器的人说他们开始听到一些声音。
3934648102981632,DEMONIC_DAGGERS,恶魔匕首
3934838012678144,DEMONIC_DAGGERS_DESCR,一把拥有可疑过去的强大武器。 wield 这把武器的人说他们开始听到一些声音。
3934944107597824,DEMONIC_STAFF,恶魔法杖
3937568693325824,DEMONIC_STAFF_DESCR,一把拥有可疑过去的强大武器。 wield 这把武器的人说他们开始听到一些声音。
3937693192851456,DEMONIC_SHIELD,恶魔盾牌
3940086051672064,DEMONIC_SHIELD_DESCR,一把拥有可疑过去的强大武器。 wield 这把武器的人说他们开始听到一些声音。
3940215445950464,Disciple's Belt,门徒之带
4209863391350784,DISCIPLE_BELT,门徒之带
4210016047239168,DISCIPLE_BELT_DESCR,白已承认你有资格成为她的弟子。真幸运！
4210270524051456,DODGE_RING,闪避戒指
4210496592842752,DODGE_RING_DESCR,一枚增强佩戴者反应能力的魔法戒指。
4210657763168256,DRAGONSCALE_ARMOR,龙鳞铠甲
4210804790300672,DRAGONSCALE_ARMOR_DESCR,一套由龙鳞制成的重型铠甲。
4211045677568000,DRAGON_EGG,龙蛋
4211151688601600,DRAGON_EGG_DESCR,一颗龙蛋！现在没有什么可以阻止我们了！
4211317640433664,DRAGON_SCALES,龙鳞
4211416789585920,DRAGON_SCALES_DESCR,龙的鳞片。对任何物理攻击和热量具有极强的抵抗力。使用这种材料需要一位技艺高超的铁匠。
4211696356724736,EAGLE_RING,鹰戒指
4211819950280704,EAGLE_RING_DESCR,一枚赋予佩戴者无与伦比视力的戒指。
4212441554522112,EARTH_CORE,大地元素的核心
4212495057063936,EARTH_CORE_DESCR,一颗发光的 orb，通常在大地元素死亡时留下。可以作为多种药水的炼金材料。
4212933647044608,EARTH_RESISTANCE_POTION,大地抗性药水
4213430516879360,EARTH_RESISTANCE_POTION_DESCR,一种强效药水，能暂时抵御基于大地的攻击。
4214100133318656,EARTH_STAFF,大地法杖
4214207369089024,EARTH_STAFF_DESCR,一根通道母亲大地力量的法杖。
4215096817389568,ECTOPLASM,灵魂质
4215185015214080,ECTOPLASM_DESCR,一种奇怪的粘稠物质，有时由鬼魂排出。触感冰冷。可以作为多种药水的炼金材料。
4215402531819520,ELDERWOOD,老树木
4215487101571072,ELDERWOOD_DESCR,比大多数人还要古老的木材，尽管年岁已高，却比铁还要坚固。
4215715380760576,ELEGANT_LUTE,优雅的鲁特
4215844217196544,ELEGANT_LUTE_DESCR,一把看起来昂贵的鲁特，在合适的手中能发出令人难忘的美妙音色。
4216000757010432,ELIXIR,灵药
4216146211278848,ELIXIR_DESCR,一种神奇的药水，可以恢复生命和活力。只有最伟大的炼金术士才能制作这种药水。
4216636395393024,EMERALD,祖母绿
4216730750455808,EMERALD_DESCR,一种非常珍贵的绿色宝石
4216875990814720,EPIC_CHEST_KEY,史诗宝箱钥匙
4216998598709248,EPIC_CHEST_KEY_DESCR,一把可以打开史诗或较小宝箱的钥匙，无需开锁。
4217177871650816,BLACKIRON,黑铁
4217252140191744,BLACKIRON_DESCR,一种只在山脉深处发现的稀有矿物。
4217392271888384,WOOD,木材
4217472504729600,WOOD_DESCR,常见于森林的木材。
4217670610096128,IRONWOOD,铁木
4218009606328320,IRONWOOD_DESCR,稀有木材类型，比普通木材更耐用。
4218489258545152,FIREBOMB,火焰炸弹
4218601896579072,FIREBOMB_DESCR,一种手工制作的炸弹。它的威力稍逊于火球，但如果你本来就能施放火球，这就不是问题。
4218947805024256,FIRE_CORE,火元素核心
4219015811469312,FIRE_CORE_DESCR,一颗发光的球体，火元素死亡时有时会留下。可作为多种药水的炼金材料。
4219298230734848,FIRE_RESISTANCE_POTION,火焰抗性药水
4219405294538752,FIRE_RESISTANCE_POTION_DESCR,一种强力药水，能暂时抵御火焰攻击。
4219843829993472,FLAMING_RUBY_RING,火焰红宝石戒指
4219975845711872,FLAMING_RUBY_RING_DESCR,这枚戒指镶嵌着一颗散发着强烈热量的红宝石。佩戴后，它能增强佩戴者的火焰攻击，使其造成更高的伤害。
4220145769549824,OLD_RING,旧戒指
4220254355886080,OLD_RING_DESCR,一枚由廉价金属制成的旧戒指。它的情感价值远超过实际价值。
4220547869085696,GLACIAL_AEGIS,冰霜护盾
4220981006471168,GLACIAL_AEGIS_DESCR,冰霜护盾是一套冰霜盔甲，能够抵御物理和元素攻击。佩戴者的每一步都会留下冰霜，令敌人在其面前颤抖。
4221080990289920,GAUNTLET_LIGHTNING,雷电法师的护手
4221210774638592,GAUNTLET_LIGHTNING_DESCR,一副增强雷电法术威力的护手
4221489322561536,FIRE_GAUNTLET,火焰法师的护手
4221609548091392,FIRE_GAUNTLET_DESCR,一副增强火焰法术威力的护手
4221742243287040,GAUNTLET_OF_GIANT,巨人之手套
4222109119057920,GAUNTLET_OF_GIANT_DESCR,有传言称，这副手套曾属于一位小型巨人。
4222341689020416,GAUNTLET_ICE,冰法师之手套
4222442008383488,GAUNTLET_ICE_DESCRIPTION,一副增强冰系法术威力的手套
4222655976607744,GAUNTLET_EARTH,大地法师之手套
4222773928824832,GAUNTLET_EARTH_DESCR,一副增强大地系法术威力的手套
4223674714329088,GLASSES_TRUE_SIGHT,真视眼镜
4225125763158016,GLASSES_TRUE_SIGHT_DESCR,这些附魔眼镜赋予佩戴者更高的精准度，并能看透任何形式的隐蔽，使他们能够发现隐藏的敌人。
4225669814718464,GLORIOUS_BANNER,荣耀旗帜
4225796533030912,GLORIOUS_BANNER_DESCR,一面在风中骄傲飘扬的旗帜。看到它，冒险者们充满了希望与勇气，继续战斗。
4226043086802944,GLOVES_DUELING,决斗手套
4226200389980160,GLOVES_DUELING_DESCR,决斗从来不是为了杀死对手，而是为了恢复因轻视而失去的荣誉。然而，有时“意外”总是会发生。
4226424349036544,GOLD,黄金
4226475829923840,GOLD_DESCR,冒险者的生命几乎同样重要的东西。
4226671888470016,GOLDENFERN,黄金蕨
4226755103461376,GOLDENFERN_DESCR,一种在许多药水中至关重要的稀有材料。
4226991842562048,RABBIT_PAW,兔爪
4227120209235968,RABBIT_PAW_DESCR,一只兔子的爪子，象征着好运。一个从未真正消失的古老迷信。这对整个大陆的兔子来说非常不幸。
4227270445010944,ESSENCE_GREATER_DEMON,大恶魔的精华
4234887162662912,ESSENCE_GREATER_DEMON_DESCR,大恶魔的精华。如果你仔细倾听，可以听到一个诱人的声音在你耳边低语，诱惑你放弃你最珍贵的财物。可以作为许多药水的炼金材料。
4235300087697408,FINE_GREATSWORD,精美的大剑
4235457906774016,FINE_GREATSWORD_DESCR,一把精心制作的大剑。
4235541461504000,BLACKSTEEL_GREATSWORD,黑钢大剑
4235714526875648,BLACKSTEEL_GREATSWORD_DESCR,一把由黑钢制成的锋利大剑。
4235870810836992,MITHRIL_GREATSWORD,精金大剑
4236058631770112,MITHRIL_GREATSWORD_DESCR,一把由精金制成的卓越大剑。
4236231734890496,HARPY_FEATHER,哈比羽毛
4236305093267456,HARPY_FEATHER_DESCR,哈比的羽毛。可以用作制作药水的材料。
4236431828357120,BRAVERY_CLOAK,勇气斗篷
4236627303895040,BRAVERY_CLOAK_DESCR,一件神秘的斗篷，赋予佩戴者无与伦比的勇气和胆略，使他们能够克服恐惧，自信地面对任何挑战。
4236894585917440,COMMON_HIDE,普通皮革
4237238636285952,BLESSED_CHALICE,祝福的圣杯
4237478219124736,BLESSED_CHALICE_DESC,一只具有宗教意义的圣杯。
4237690689982464,ICE_CORE,冰元素的核心
4237975260925952,ICE_CORE_DESCR,一颗发光的 orb，冰元素死亡时有时会留下。可以作为多种药水的炼金材料。
4238107473776640,ICE_RESISTANCE_POTION,冰抗药水
4238219386195968,ICE_RESISTANCE_POTION_DESCR,一种强效药水，能暂时抵御冰属性攻击。
4238397451177984,ICE_TIARA,冰之冠
4238516133203968,ICE_TIARA_DESCR,一顶适合冰雪女王的 tiara。
4238798233702400,BIG_TRAVELING_BAGS,大旅行包
4239028668764160,BIG_TRAVELING_BAGS_DESCR,大小适中的旅行包，可以容纳很多物品。
4239181182046208,MINOR_DIMENSIONAL_POUCH,小型次元口袋
4239319912845312,MINOR_DIMENSIONAL_POUCH_DESCR,一个小口袋，能装下比你想象的更多东西。
4239421171732480,JEWELRY,珠宝
4239519779819520,JEWELRY_DESCR,对于合适的商人来说，这些珠宝价值不菲。
4239662209994752,JOTUN_GREATSWORD,巨人大剑
4239757282283520,JOTUN_GREATSWORD_DESCR,一把曾属于伟大巨人战士的古老大剑。
4240128675319808,KNIGHT_BADGE,骑士徽章
4240234573107200,KNIGHT_BADGE_DESCR,这个徽章由骑士和战士佩戴，以识别他们为致命的战士。
4240319042195456,LEGENDARY_CHEST_KEY,传奇宝箱钥匙
4240427339124736,LEGENDARY_CHEST_KEY_DESCR,一把可以打开传奇或普通宝箱而无需开锁的钥匙。
4240590828900352,NOVICE_ROBE,新手长袍
4240651914743808,NOVICE_ROBE_DESCR,一件通常由法术修炼者穿着的长袍。虽然它不提供任何物理保护，但可以保护穿戴者免受魔法攻击。
4240802079215616,STORM_ARMOR,风暴铠甲
4241400694476800,STORM_ARMOR_DESCR,一套神秘的魔法铠甲。注入了风暴的原始能量，赋予穿戴者更强的韧性和在战斗中召唤闪电的能力。
4241583197032448,LIGHTNING_CORE,闪电元素核心
4241740667981824,LIGHTNING_CORE_DESCR,一个发光的球体，有时在闪电元素死亡时留下。可以作为多种药水的炼金材料。
4241894238228480,LIGHTNING_RESISTANCE_POTION,闪电抗性药水
4242006410694656,LIGHTNING_RESISTANCE_POTION_DESCR,一种强效药水，能暂时抵御闪电攻击。
4242152238256128,LIGHTNING_STAFF,闪电法杖
4242260967198720,LIGHTNING_STAFF_DESCR,一根 harnesses 雷电原始能量的法杖。
4242488378167296,LIZARDMAN_SCALE,蜥蜴人鳞片
4242585925095424,LIZARDMAN_SCALE_DESCR,一片蜥蜴人的鳞片。光线在其表面优美地反射。可作为制作药水的材料。
4242757061087232,MAGE_RING,法师戒指
6338323618369536,MANA_LEAVES,法力叶
6338477234753536,MANA_LEAVES_DESCR,一片 pulsating 的法力叶。这种植物如何以及为何能够储存法力尚不清楚。可作为多种药水的炼金材料。
6338854332043264,MINOR_MANA_POTION_DESCR,一瓶简单的法力药水。恢复少量SP。
6338890503720960,MINOR_MANA_POTION,法力药水（小）
6339289696604160,MANA_RING,法力戒指
6339917135122432,MANA_RING_DESCR,一枚具有增强佩戴者SP容量的魔法戒指。
6340225496158208,MASK_OF_RESISTANCE,抵抗之面具
6340476047101952,MASK_OF_RESISTANCE_DESCR,一位计划推翻自认为是神的皇帝的男子的面具。
6340655408123904,LION_CREST,狮子纹章
6340770663403520,LION_CREST_DESCR,描绘一头强大狮子的纹章，象征着勇气和英勇。
6340948006965248,LEATHER_ARMOR,皮甲
6341184431493120,LEATHER_ARMOR_DESCR,一种由皮革制成的盔甲。它非常轻便灵活，并提供一定的物理保护。
6341348969844736,GREEN_FRAGMENT_GUIDANCE,绿色引导碎片
6341534534242304,FRAGMENT_DESCR,一小块增强宝石的碎片。可以用来增强具有适当插槽的装备。
6341999380566016,ORANGE_FRAGMENT_LETHALITY,橙色致命碎片
6342257313484800,MINOR_DEFENSE_POTION,小型防御药水
6342472229621760,MINOR_DEFENSE_POTION_DESCR,一种神奇的药水，可以稍微提高物理防御。
6343999518314496,GREEN_FRAGMENT_EVASION,绿色闪避碎片
6344157794570240,PURPLE_FRAGMENT_DARKNESS,紫色黑暗碎片
6344605372944384,GREEN_FRAGMENT_LIFE,绿色生命碎片
6345484549394432,YELLOW_FRAGMENT_LIGHT,黄色光明碎片
6345737918910464,YELLOW_FRAGMENT_INVINCIBILITY,黄色无敌碎片
6345911026225152,RED_FRAGMENT_BODY,红色身体碎片
6347583140040704,BLUE_FRAGMENT_MAGE,蓝色法师碎片
6347776568758272,BLUE_FRAGMENT_PIERCING,蓝色穿透碎片
6348244741165056,BLUE_FRAGMENT_MIND,蓝色心灵碎片
6349738236350464,RED_FRAGMENT_WARRIOR,战士的红色碎片
6349996458676224,RED_FRAGMENT_PIERCING,穿刺的红色碎片
6350207302144000,YELLOW_FRAGMENT_RESILLIENCE,韧性的黄色碎片
6350374025728000,MINOR_RING_ACCURACY,小型精准戒指
6350497975799808,MINOR_RING_ACCURACY_DESCR,一枚具有轻微魔法增强佩戴者精准度的戒指
6350658500202496,MINOR_RING_CRIT,小型致命戒指
6350930899275776,MINOR_RING_CRIT_DESCR,一枚具有轻微魔法增强佩戴者利用破绽能力的戒指
6351067394510848,MINOR_RING_VITALITY,小型活力戒指
6351195807322112,MINOR_RING_VITALITY_DESCR,一枚具有轻微魔法增强佩戴者活力的戒指
6351386446827520,MINOR_ATTACK_POTION,小型攻击药水
6351558388125696,MINOR_ATTACK_POTION_DESCR,一种神奇的药水，可以稍微增加物理伤害。
6353554386096128,MITHRIL_ORE,密银矿石
6353693179809792,MITHRIL_ORE_DESCR,一种闪闪发光且稀有的金属，受到熟练工匠和冒险者的追捧。用这种材料制作武器和盔甲是富贵贵族的奢侈享受。
6354318915440640,MONSTER_BLOOD,怪物血液
6355580251705344,MONSTER_BLOOD_DESCR,从怪物身上抽取的血液。可以作为多种药水的炼金材料。
6355765430226944,MONSTER_BLOOD_TYPEB,怪物血液类型
6355899324993536,MONSTER_BLOOD_TYPEB_DESCR,一种非常灵活的怪物的血液。可以作为多种药水的炼金材料。
6363395225718784,MONSTER_BLOOD_TYPEE,怪物血液类型
6363550440132608,MONSTER_BLOOD_TYPEE_DESCR,一种非常坚韧的怪物的血液。可以作为多种药水的炼金材料。
6363680639717376,MONSTER_BLOOD_TYPEI,怪物血液类型
6363771530285056,MONSTER_BLOOD_TYPEI_DESCR,一种非常狡猾怪物的血液。可以作为多种药水的炼金材料。
6364342932901888,MONSTER_BLOOD_TYPEM,怪物血液类型
6364535539535872,MONSTER_BLOOD_TYPEM_DESCR,一种魔法怪物的血液。可以作为多种药水的炼金材料。
6365000620740608,MONSTER_BLOOD_TYPES,怪物血液类型
6365362836639744,MONSTER_BLOOD_TYPES_DESCR,一种非常强大的怪物的血液。可以作为多种药水的炼金材料。
6365663505321984,MONSTER_BLOOD_TYPEW,怪物血液类型
6365820414234624,MONSTER_BLOOD_TYPEW_DESCR,一种非常勇敢怪物的血液。可以作为多种药水的炼金材料。
6366050954153984,RARE_MUSHROOM,稀有蘑菇
6366184542736384,RARE_MUSHROOM_DESCR,"一种稀有且美味的蘑菇。不要吃它！
这是给任务发布者的。"
6366360699310080,UNKNOWN_EGG,未知的蛋
6366516513509376,UNKNOWN_EGG_DESCR,一颗来源不明的蛋。至少我们知道它不是龙蛋。
6368197145956352,MYSTIC_ROBE,神秘长袍
6368410560532480,MYSTIC_ROBE_DESCR,一件增强所有现有魔法使用的魔法长袍。它编织了保护性魔法，以保护穿戴者免受伤害。
6368844880711680,BOW_OF_NATURE,自然之弓
6369112632496128,BOW_OF_NATURE_DESCR,一把由橡木心制成的复杂弓。自然的本质在其形态中脉动，与其潜在的力量共鸣。
6369355361062912,OAK_HEART,橡木心
6369603735162880,OAK_HEART_DESCR,橡木心如同心脏般充满生命，即使在持有者去世后依然如此。这证明了自然确实是活着的。
6369787831554048,OLD_GRIMOIRE,旧魔法书
6369949333229568,OLD_GRIMOIRE_DESCR,一本由死灵法师携带的旧魔法书。它包含了通过可怕手段获得的丰富知识。
6372170217197568,PARENTS_LOVE,父母的爱
6372264530317312,PARENTS_LOVE_DESCR,一尊由一双年迈的手雕刻而成的木雕。出于某种原因，你可以看出它是以他们所爱之人为灵感雕刻的。
6373390566723584,PERMANENT_WISDOM_POTION,永恒智慧药水
6373575250317312,PERMANENT_WISDOM_POTION_DESCR,一种稀有且难以制作的药水，用于提升智慧。
6373778279796736,POISON_BOMB,毒气炸弹
6373848022683648,POISON_BOMB_DESCR,一枚致命的毒气炸弹。小心处理！
6374082073235456,POISON_GLAND,毒腺
6374558193848320,POISON_GLAND_DESCR,从巨型蜘蛛身上采集到的巨大毒腺。可作为制作药水的材料。
6374655237459968,POISON_SATCHEL,毒药背包
6375623295406080,POISON_SATCHEL_DESCR,不应公开佩戴的背包。
6375828006801408,POTION_BLOOD_THIRST,血渴药水
6375965017935872,POTION_BLOOD_THIRST_DESCR,一种能唤醒饮用者捕食者动物本能的药水。
6376292169453568,POTION_CLEAR_MIND,清心药水
6376493013700608,POTION_CLEAR_MIND_DESCR,一种神奇的药水，可以清晰思维并增强你的智力。
6376958166208512,POTION_FREE_MOVEMENT,自由移动药水
6377125015621632,POTION_FREE_MOVEMENT_DESCR,一种神奇的药水，可以让你摆脱任何可能束缚你的负担。
6377333166346240,POTION_KEEN_SENSE,敏锐感知药水
6377469246345216,POTION_KEEN_SENSE_DESCR,一种神奇的药水，饮用后能增强你的感官。
6377649811132416,POTION_SPEED,速度药水
6377818233409536,POTION_SPEED_DESCR,一种能增加用户移动范围的药水。
6377931148267520,RAINBOW_FLOWER,彩虹花
6378074664767488,RAINBOW_FLOWER_DESCR,一朵色彩交替如彩虹的花。
6378204247789568,RARE_CHEST_KEY,稀有宝箱钥匙
6378287622164480,RARE_CHEST_KEY_DESCR,一把可以打开稀有或较小宝箱而无需开锁的钥匙。
6378922652372992,REBOUND_RING,反弹戒指
6379206074077184,REBOUND_RING_DESCR,别再打自己了！
6379291386220544,RESILIENT_HIDE,韧性皮毛
6379439252213760,RESILIENT_HIDE_DESCR,有些怪物的皮毛甚至可以与盔甲的韧性相媲美。
6379668789694464,RETURNING_KNIFE,回归刀
6379815309316096,RETURNING_KNIFE_DESCR,一把能不断回到主人手中的刀。
6380131492728832,RING_ACCURACY,精准戒指
6380189088911360,RING_ACCURACY_DESCR,一枚能够增强佩戴者准确度的魔法戒指。
6380297868185600,RING_ATTACK,战士之戒
6380597668646912,RING_ATTACK_DESCR,一枚能够增加佩戴者物理攻击力的魔法戒指。
6380827529089024,RING_CRIT,致命之戒
6381049005117440,RING_CRIT_DESCR,一枚能够增强佩戴者利用破绽能力的魔法戒指。
6381180500742144,RING_ELEMENTAL_PROTECTION,元素保护之戒
6381349568942080,RING_ELEMENTAL_PROTECTION_DESCR,一枚能够保护佩戴者免受元素伤害的魔法戒指。
6381710790791168,MINOR_RING_OF_ELEMENTAL_PROTECTION_DESCR,一枚具有轻微魔法效果的戒指，可以保护佩戴者免受元素伤害。
6382190933741568,RING_ENDURANCE,生命之戒
6382402137919488,ENDURANCE_RING_DESCR,一枚能够增强佩戴者生命力的魔法戒指。
6382566990843904,RING_LIFE,生命之戒
6388102222221312,RING_LIFE_DESCR,一枚抵御死亡的戒指
6388280870211584,RING_POISON_IMMUNITY,毒素免疫戒指
6388360486490112,RING_POISON_IMMUNITY_DESCR,一枚能防止佩戴者中毒的戒指。它在贵族中极为抢手。
6388642729594880,RING_PROTECTION,保护之戒
6388854697136128,RING_PROTECTION_DESCR,一枚附有保护佩戴者免受物理伤害的魔法戒指。
6388960611700736,RING_REGENERATION,再生之戒
6389102991544320,RING_REGENERATION_DESCR,这枚附魔戒指不断为佩戴者恢复健康和活力。
6389383162662912,RING_OF_INITIATIVE,主动之戒
6389858423443456,RING_OF_INITIATIVE_DESCR,一枚增强佩戴者主动性的魔法戒指。
6390076439171072,RING_TELEPORTATION,传送戒指
6390240725864448,RING_TELEPORTATION_DESCR,一枚强大的戒指，允许佩戴者瞬间传送到他们想要的任何地点，穿越空间，绕过所有障碍和屏障。
6390645383925760,GIANT_RUBY,巨型红宝石
6390762421784576,GIANT_RUBY_DESCR,一颗非常珍贵的红色宝石。
6390868357320704,RUBY_BERRIES,红宝莓
6391007381721088,RUBY_BERRIES_DESCR,一种常见于森林中的红色浆果。可作为多种药水的炼金材料。
6391156296290304,SHARPENING_STONE,磨刀石
6391227846922240,SHARPENING_STONE_DESCR,骑士的可靠伙伴
6391374077136896,SHOVEL,铲子
6391435137814528,SHOVEL_DESCR,"在旅行中，铲子可能比你想象的更实用。
可用于在没有属性检查的情况下移除障碍物。"
6391700947636224,SKILL_POTION,技能药水
6392019542773760,SKILL_POTION_DESCR,一种稀有的神秘药水，由高超的技艺精心调制而成。饮用后，它会在你的血管中涌动，释放出你内心深藏的潜能。
6392283347718144,SPARE_KNIFES,备用刀具
6392497710206976,SPARE_KNIFES_DESCR,刀具永远不够
6392626714415104,SPIDER_QUEEN_FANGS,蜘蛛女王的獠牙
6392803764375552,SPIDER_QUEEN_FANGS_DESCR,蜘蛛女王的獠牙，比大多数匕首更锋利，尽管没有连接毒囊，但用裸手触碰仍然危险。
6393181083963392,APPRENTICE_STAFF,学徒法杖
6393356074520576,APPRENTICE_STAFF_DESCR,一根简单的木法杖，主要用于魔法初学者。
6393484319559680,PRIEST_STAFF,牧师法杖
6393684815679488,PRIEST_STAFF_DESCR,牧师常用的法杖。
6393913262641152,ADEPT_STAFF,精通法杖
6394029960761344,ADEPT_STAFF_DESCR,相较于新手法杖，这是一根更强大的法杖。
6394324178604032,HIGH_STAFF,高级法杖
6394558669557760,HIGH_STAFF_DESCR,一根强大的法杖，适用于奥术和神圣法术。
6394841642471424,MASTER_STAFF,大师法杖
6395070290759680,MASTER_STAFF_DESCR,一根为魔法精英打造的卓越强大法杖。
6395221256343552,STAFF_OF_NATURE,自然法杖
6395338755575808,STAFF_OF_NATURE_DESCR,一根由橡木心精心打造的复杂法杖。自然的本质在其形态中脉动，与其潜在的力量共鸣。
6395598760480768,STOLEN_GOODS,被盗物品
6395710375104512,STOLEN_GOODS_DESCR,几件明显被盗的贵重物品。好吧，找到的就是拥有的，对吧？
6396065129336832,ANCIENT_STONE_TABLET,古代石碑
6396217298685952,ANCIENT_STONE_TABLET_DESCR,这块古老的石碑由坚固的石头雕刻而成，承载着历史的重量，表面风化斑驳。尽管纸张已经普及，天界人仍选择在这种持久的媒介上铭刻重要信息，以保护其内容免受时间和外部力量的侵蚀。
6397289048215552,FEATHER_STORM_TALON,风暴爪的羽毛
6397871641235456,FEATHER_STORM_TALON_DESCR,一只古老怪物的羽毛，依然散发着电流。
6398420835012608,SUNLIGHT_TORCH,阳光火把
6399367934021632,SUNLIGHT_TORCH_DESCR,一把如阳光般明亮的火把。
6400298461335552,IRON_SWORD_SHIELD,铁剑与盾牌
6400935798411264,IRON_SWORD_SHIELD_DESCR,一对由铁制成的廉价剑与盾牌。
6401394458136576,FINE_SWORD_SHIELD,精美的剑与盾牌
6408043482746880,FINE_SWORD_SHIELD_DESCR,一套精心制作的剑与盾牌。
6408313579147264,BLACKSTEEL_SWORD_SHIELD,黑钢剑与盾
6408497507766272,BLACKSTEEL_SWORD_SHIELD_DESCR,一套由黑铁打造的剑与盾。
6409509475880960,MITHRIL_SWORD_SHIELD,精金剑与盾
6409645807538176,MITHRIL_SWORD_SHIELD_DESCR,一套由精金制成的剑与盾。
6409771028484096,FERDINAND_TALKING_SWORD,会说话的费迪南德剑
6409914544984064,FERDINAND_TALKING_SWORD_DESCR,"""你好，伙伴！他们叫我费迪南德！"""
6410247627247616,EDGE,边缘
6410539907321856,EDGE_DESCR,盔甲对这个坏家伙没什么帮助。
6410791129354240,AMULET_PERFECT_HEALTH,完美健康护符
6410955999055872,AMULET_PERFECT_HEALTH_DESCR,传说如果你佩戴这个护符，就永远不会生病。
6411150115639296,WITCH_STAFF,女巫的法杖
6411274325757952,WITCH_STAFF_DESCR,一根可以引导强大奥术力量的法杖，或是一根穿透肉体的长矛。
6411426407026688,TOKEN_THUNDER,雷霆符记
6411593185136640,TOKEN_THUNDER_DESCR,一枚献给已不再知晓的神明的古老符记。
6412184921739264,TOUGH_HIDE,坚韧的怪物皮
6412284460961792,TOUGH_HIDE_DESCR,一种对切割异常抵抗的怪物皮。
6412570546049024,TROLL_HIDE,巨魔皮
6412640842584064,TROLL_HIDE_DESCR,巨魔的皮肤。轻盈而又坚韧。
6412851665080320,TROLL_HIDE_ARMOR,巨魔皮甲
6413194050310144,TROLL_HIDE_ARMOR_DESCR,由巨魔皮制成的盔甲。尽管轻便，但仍提供出色的保护。
6413293413371904,UNBREAKABLE_BRACELET,坚不可摧的手链
6413422602129408,UNBREAKABLE_BRACELET_DESCR,你见过的最耐用的手链。
6413610897018880,UNCOMMON_CHEST_KEY,不常见的宝箱钥匙
6413713523249152,UNCOMMON_CHEST_KEY_DESCR,一把可以打开不常见宝箱而无需撬锁的钥匙。
6413936685387776,GUARDIAN_ANGEL,守护天使
6414015345364992,GUARDIAN_ANGEL_DESCR,一套能够治愈佩戴者的盔甲。
6414163253301248,BOW_DISRUPTION,破坏之弓
6414293218004992,BOW_DISRUPTION_DESCR,一把独特的弓，能让目标暂时感到恶心，使其无法集中注意力。
6414498881507328,WILD_BOW,荒野之弓
6414544272265216,New Entry,一把由拉波兹的弓重新制作而成，更适合人类的手掌。它的材料对人类而言是未知的。
6414938402623488,JAGGED_DAGGERS,锯齿匕首
6415117100945408,JAGGED_DAGGERS_DESCR,带有锯齿边缘的匕首。它更适合用来伤害而非杀人。
6415295614717952,POISONOUS_FANGS,毒牙
6415550758424576,POISONOUS_FANGS_DESCR,一对由蜘蛛女王的毒牙制成的匕首。这些匕首仍然渗出蜘蛛女王的毒液痕迹。
6415895513436160,ANCIENT_NOBLE_WEAPON,古代贵族武器
6416099230781440,ANCIENT_NOBLE_WEAPON_DESCR,一套古老的剑与盾。尽管年代久远，但看起来仍像是昨天锻造的。在刀柄上刻有一个名字。
6416645018783744,AVATAR_STORM,风暴化身
6416769602195456,AVATAR_STORM_DESCR,"<i>""我就是风暴！""</i>"
6416861499396096,FIRE_STAFF,火焰法杖
6416917967310848,FIRE_STAFF_DESCR,一根专为擅长火焰魔法的人制作的法杖。
6417204639600640,ICE_STAFF,冰霜法杖
6417315599912960,ICE_STAFF_DESCR,散发寒冷气息的法杖。适合专精于冰魔法的人士使用。
6417578196897792,BLESSED_SWORD_SHIELD,祝福之剑与盾
6417810146103296,BLESSED_SWORD_SHIELD_DESCR,一对由神灵祝福的精美剑与盾。
6418128300838912,OATHKEEPER,誓言守护者
6418486129496064,OATHKEEPER_DESCR,当一个人被授予骑士称号时，他们在仪式上向领主宣誓效忠。在许多情况下，这只是口头承诺。
6418763322658816,UNKNOWN_ORE,未知矿石
6418899926945792,UNKNOWN_ORE_DESCR,在洞穴中发现的未知矿石。它比你所知道的大多数矿石更为坚韧。
6419131913900032,VAMPIRE_DUST,吸血鬼之尘
6419235513208832,VAMPIRE_DUST_DESCR,被杀死的吸血鬼的遗骸。尽管性质阴森，但一些炼金术士为这尘埃找到了实用的用途。
6419756592566272,VEIL_ICE_BRIDE,冰新娘的面纱
6420080959066112,VEIL_ICE_BRIDE_DESCR,一条古老的面纱，被幽灵细心保存。尽管幽灵可能已忘记原因，但面纱的重要性依然深深根植于心。
6420641120948224,SCOUNDREL_MASK,无赖面具
6421903958773760,SCOUNDREL_MASK_DESCR,一种魔法面具，用于隐藏身份。尽管看起来并没有遮掩太多，但人们仍然无法认出其背后的面孔。
6422170200608768,VIAL_ACID,酸液瓶
6422783701454848,VIAL_ACID_DESCR,一种强效的腐蚀液体，完美用于溶解物体甚至是人。
6422908356169728,WAND_ARCHMAGE,大法师的魔杖
6423064841457664,WAND_ARCHMAGE_DESCR,一种强大的魔法工具，蕴含着强力法术。适合那些想要感受死亡掌控的大法师，但又不想付出努力的人。
6423477703577600,WARDING_TALISMAN,驱邪护符
6423560255868928,WARDING_TALISMAN_DESCR,一种护符，用于保护佩戴者免受邪灵侵扰。虽然没有明显的魔法特性，但仍能给相信其效果的人带来安慰。
6423667990761472,ARMOR_WARRIOR_MAGE,战士法师的盔甲
6423753453899776,ARMOR_WARRIOR_MAGE_DESCR,大多数盔甲在设计时并没有考虑施法，因为大多数法师在战斗中倾向于穿轻便的衣物。这件盔甲并不属于此类。
6424127560650752,WINGED_BOOTS,翅膀靴
6424245693222912,WINGED_BOOTS_DESCR,具有实际翅膀的靴子，可以飞翔。
6424355651096576,WINGED_BROOCH,翅膀胸针
6424442594824192,WINGED_BROOCH_DESCR,一枚美丽的带翅膀的胸针。
6424562912628736,WOLF_SPLEEN,狼脾
6424651739598848,WOLF_SPLEEN_DESCR,一只怪物狼的脾脏。可以作为多种药水的炼金材料。
6865031305342976,COMMON_HIDE_DESCR,从一只弱小怪物身上剥下的皮。
7874201307557888,MAGIC_IN_SOUND_DESCR,吟游诗人的魔法源自他们的心灵和灵魂。与其说是{INTELLIGENCE}，不如说他们的魔法攻击力由{WILLPOWER}提升。
10776407094571008,HIDDEN_BLADE,隐藏之刃
10776631586304000,HIDDEN_BLADE_DESCR,只需一瞬间的疏忽，便可能成为这把隐藏之刃的受害者。
34977669040738304,MAGE_RING_DESCR,一枚能够增强佩戴者魔法的戒指。
38007044145319936,INFERNAL_ARMOR,地狱铠甲
38007218569646080,INFERNAL_ARMOR_DESCR,一套散发灼热气息的重型魔法铠甲。
38009243462176768,WARDEN_OF_THE_FOREST,森林守护者
38009431098560512,WARDEN_OF_THE_FOREST_DESCR,一套蕴含自然力量的重型魔法铠甲。
38011630939705344,HEAVY_STORM_ARMOR,暴风重铠
38012137624211456,HEAVY_STORM_ARMOR_DESCR,一套背后蕴藏着风暴力量的重型魔法铠甲。
38018468833824768,WINTERS_EMBRACE,冬之拥抱
38018544658452480,WINTERS_EMBRACE_DESCR,一件美丽的魔法长袍，将穿戴者包裹在冬季霜冻的温暖怀抱中。
38209972281970688,TROLL_HIDE_ROBE,巨魔皮长袍
38210095867138048,TROLL_HIDE_ROBE_DESCR,一件由巨魔皮制成的武术长袍。轻便但依然坚固。
38221544287014912,WILDWOOD_ROBE,野木长袍
38221844020367360,WILDWOOD_ROBE_DESCR,一件精心制作并施了魔法的长袍，帮助穿戴者与大地母亲沟通。
38244932732751872,CUIRASS_CHAMPION,冠军的胸甲
38245140401131520,CUIRASS_CHAMPION_DESCR,一套中型华丽盔甲。穿上它会让你感到特别。
38250718125002752,PLAGUEBEARER_COAT,瘟疫携带者外套
38250869526794240,PLAGUEBEARER_COAT_DESCR,一件非常适合擅长毒药制造者的外套。
38277988487172096,ARACHNE_BOW,阿拉克尼弓
38278180921839616,ARACHNE_BOW_DESCR,一把由蜘蛛女王的獠牙制成的毒弓
38279867405340672,LIGHTNING_DAGGERS,雷电匕首
38280444554153984,LIGHTNING_DAGGERS_DESCR,一对闪烁着雷电原始能量的魔法匕首
38283709224226816,GREATSWORD_CHAMPION,冠军的大剑
38283835896401920,GREATSWORD_CHAMPION_DESCR,一把适合冠军的武器！
38290082804699136,MOON_SWORD,月之剑
38290171870744576,MOON_SWORD_DESCR,一把由从天而降的矿石制成的剑。这是巴雷特所打造的最伟大的武器。
38337647008976896,FROSTBITE_FROSTGUARD,冰霜之咬与冰霜守护
38337768312442880,FROSTBITE_FROSTGUARD_DESCR,一套体现冰冻北方不屈力量的剑与盾，赋予持有者冻结敌人的能力。
38635390092873728,HURRICANE_BOW,飓风弓
38649843026923520,HURRICANE_BOW_DESCR,一把强大的弓，能够让使用者掌控风的力量，将敌人吹飞。
53965440497389568,ARCHMAGE_ROBE,大法师长袍
53966220935729152,ANCIENT_WOOD,古老的木材
53966380537384960,ANCIENT_WOOD_DESCR,古老的木材，许多人相信其中蕴藏着灵魂，使其具备神秘的属性。
53967018184839168,ARCHMAGE_ROBE_DESCR,一件为那些达到奥术巅峰的人编织的长袍。这件简单的衣物上有着难以想象的众多魔法附加效果。
53967308959158272,ANGEL_STAFF,天使法杖
53967442489020416,ANGEL_STAFF_DESCR,一根强大的神圣法杖，传闻是由天使的骨骼制成。
53967697729196032,BEAR_TROPHY,熊类奖杯
53967843208630272,BEAR_TROPHY_DESCR,一位猎人的奖杯，由冰熊的遗骸制作而成。
53968089456218112,BONE_FANGS,骨牙
53968227457208320,BONE_FANGS_DESCR,一对由公会中无人能识别的生物骨骼制成的匕首。根据刀刃的锋利程度判断，这必定是一只可怕的怪物。
53968930720354304,WYVERN_TROPHY,wyvern奖杯
53969103664091136,WYVERN_TROPHY_DESCR,一件由wyvern遗骸制成的猎人奖杯。
53969222585192448,INFILTRATOR_SUIT,潜行者套装
53969426239623168,INFILTRATOR_SUIT_DESCR,一套使穿戴者几乎对任何观察者隐形的服装。
53969636437168128,OBSIDIAN_GREATSWORD,黑曜石巨剑
53969767001657344,OBSIDIAN_GREATSWORD_DESCR,一把由黑曜石制成的传奇巨剑。
53969891501182976,HIGH_PALADIN_ARMOR,高级圣骑士盔甲
53970023697256448,HIGH_PALADIN_ARMOR_DESCR,一套沉重的神圣盔甲，是抵御这个世界中的恶魔和其他邪恶的堡垒。
53970284478107648,ANCIENT_WOOD_BOW,古代木弓
53970536069238784,ANCIENT_WOOD_BOW_DESCR,由古老木材制成的传奇之弓。
54100220123713536,LOVE_POTION,爱情药水
54100343562080256,LOVE_POTION_DESCR,错误之手中的最糟糕事物。
54122891662233600,WINGS_OF_HOPE,希望之翼
54123004526759936,WINGS_OF_HOPE_DESCR,一只据说曾属于天使的翅膀。它让你充满了……希望。
54185163923296256,RISING_SUN,旭日
54185484049354752,RISING_SUN_DESCR,“黑暗的夜晚总是在黎明前最深。”
54185724512997376,OBSIDIAN_ORE,黑曜石矿石
54185851843678208,OBSIDIAN_ORE_DESCR,黑曜石矿石是人类已知的最稀有矿石。它的耐用性极强，许多矿脉至今未被开采，因为普通手段无法挖掘出矿石。
54186290140057600,MOON_ORE,月亮矿石
54186498391445504,MOON_ORE_DESCR,一块似乎从天而降的矿石。
54186826222440448,LEGENDARY_HIDE,传奇皮毛
54186961572630528,LEGENDARY_HIDE_DESCR,从神话生物身上剥下的皮毛。
54187666584801280,STRANGE_POTION,奇怪的药水
54187903571365888,STRANGE_POTION_DESCR,这瓶药水是由一位吸血鬼赠予的，承诺能赋予角色吸血鬼的力量。他们并未提及任何副作用。
54190789852303360,OBSIDIAN_SUIT,黑曜石铠甲
54191203943354368,OBSIDIAN_SUIT_DESCR,一件由黑曜石制成的中型铠甲。它的耐久性可与其他材料制成的重型铠甲相媲美，同时保持较轻的重量。
54191625449934848,OBSIDIAN_ARMOR,黑曜石护甲
54191733591674880,OBSIDIAN_ARMOR_DESCR,一件由黑曜石制成的护甲。世上只有少数物品能让你感到如此安全。
54192168444530688,HIGH_EXARCH_ROBE,高阶教皇的长袍
54192411026296832,HIGH_EXARCH_ROBE_DESCR,一件为神之选者准备的长袍。他们的意志就是我们的命令。
54192919426273280,WOLF_TROPHY,狼的奖杯
54193040616493056,WOLF_TROPHY_DESCR,一件由狼的遗骸制成的猎人的奖杯。
54193226294136832,SPIDER_TROPHY,蜘蛛奖杯
54193371597410304,SPIDER_TROPHY_DESCR,一件由巨型蜘蛛的遗骸制成的猎人的奖杯。
54193979675021312,TROLL_GLOVES,巨魔手套
54194136449716224,TROLL_GLOVES_DESCR,由巨魔皮肤制成的手套。
54194439760809984,VORATHAX_SCALE,沃拉萨克斯的鳞片
54194631096569856,VORATHAX_SCALE_DESCR,来自恐怖者沃拉萨克斯身体上的一片鳞片。即使稍微接触也有意外割伤自己的风险。
54195372397858816,OBSIDIAN_DAGGERS,黑曜石匕首
54195532372807680,OBSIDIAN_DAGGERS_DESCR,一对由黑曜石制成的传奇匕首。
54195764301041664,EDMUNDS_SKILL,爱德蒙的头骨
54196412920795136,EDMUNDS_SKILL_DESCR,已故死灵法师爱德蒙·加尔萨金的头骨。近代唯一成功转变为巫妖的死灵法师。不幸的是，这并没有拯救他于死亡。
54199288502063104,EXECUTIONER_MASK,刽子手面具
54199445272563712,EXECUTIONER_MASK_DESCR,你将见到的最后一张面孔。
54199650864762880,PHOENIX_ROBE,凤凰长袍
54200192433295360,PHOENIX_ROBE_DESCR,一件炽热的魔法长袍，赋予穿戴者以破坏或重生的力量，随心所欲。
54200746333081600,PART_FOE,永恒之花的一部分
54200947814862848,PART_FOE_DESCR,永恒之花的一小部分。送给善良女孩的礼物。
54201258738618368,FROZEN_BOMB,冻结炸弹
54201953705431040,FROZEN_BOMB_DESCR,一种散发着异世界寒冷的炸弹。
54202277581197312,POTION_OF_YOUTH,青春药水
54202830797312000,POTION_OF_YOUTH_DESCR,一种被众多人追寻的奇迹药水，能赋予永恒的青春。
54242559710367744,POTION_OF_RESURRECTION,复活药水
54243404795514880,POTION_OF_RESURRECTION_DESCR,"一种能让人复活的奇迹药水。
（访问纪念碑，选择一位冒险者进行复活。）"
54243955608293376,SUPREME_STAFF,终极法杖
54244252204306432,SUPREME_STAFF_DESCR,一根传说中的强大法杖，适合接近半神的人使用。
54246153431977984,BLOODTHIRSTER,吸血者
54246730148777984,BLOODTHIRSTER_DESCR,一把奇怪的刀，似乎在吞噬受害者的鲜血。
54248969491877888,OBSIDIAN_SWORD_SHIELD,黑曜石剑与盾
54249277194407936,OBSIDIAN_SWORD_SHIELD_DESCR,一套由黑曜石制成的剑与盾。
54250144287068160,SUPREME_MASTER_ROBE,至尊大师袍
54250441243791360,SUPREME_MASTER_ROBE_DESCR,一件属于无与伦比的武术家的袍子。能够用赤手空拳劈开海洋与山脉的宗师们的象征。
54254746919145472,EMPTY_SKILL,缺失
55653609886355456,CRYOSTASIS,冻结状态
58306529828179968,WILDWOOD_RING,荒林之戒
58308046387843072,WILDWOOD_RING_DESCR,由深处荒野中发现的天然木材制作而成。这枚戒指展现了自然本身所塑造的自然优雅。
59582314186706944,SAINT_ROBE,圣者袍
59583306370289664,SAINT_ROBE_DESCR,一件曾属于一位周游世界、帮助弱势群体的人士的袍子。这是对致力于改善世界生活的证明。
60330819465416704,BOW,弓
60639991360819200,SWORD_SHIELD,剑盾
60640540890140672,STAFF,法杖
60640902028103680,FIST,拳头
60641258615246848,ACCESSORY,饰品
60641563524370432,ARMORS,盔甲
60641728029167616,WEAPON,武器
60641884711587840,MATERIAL,材料
60642198810431488,UPGRADE,升级
60644130664910848,LIGHT_ARMOR,轻型盔甲
60644280971988992,MEDIUM_ARMOR,中型盔甲
60644540008009728,HEAVY_ARMOR,重型盔甲
62588631239266304,GREATSWORD,巨剑
62606307172978688,MANUAL_EQUIPMENT_BONUS_TEXT,增加50%的经验获取。
64479760171831296,GEM_USABLE_ON_TEXT,"可以增强以下装备类型：<color=orange>{ENHANCETYPE}</color>

并提供以下奖励：
{BONUS}"
64599414198407168,EQUIPMENT_AFFIX_SHARP,锋利
64599624593084416,JOTUN_GREATSWORD_AFFIX01,贝克德的
64599990202175488,JOTUN_GREATSWORD_AFFIX02,拉的
64600084762759168,JOTUN_GREATSWORD_AFFIX03,Hrergit的
64600170615967744,JOTUN_GREATSWORD_AFFIX04,Megnyd的
64600274055892992,JOTUN_GREATSWORD_AFFIX05,Fakmi的
64600540968816640,KNIGHT_WEAPON_PREFIX01,阿德里安领主的
64600696254533632,KNIGHT_WEAPON_PREFIX02,艾洛伊德女士的
64600848033812480,KNIGHT_WEAPON_PREFIX03,雷纳德领主的
64600917046890496,KNIGHT_WEAPON_PREFIX04,摩门领主的
75592790738972672,DAGGERS,匕首
79217838011953152,CLOAK_LORD_OF_MURDER,谋杀之主的斗篷
79218692160991232,CLOAK_LORD_OF_MURDER_DESCR,据说这件斗篷曾经是白色的。
79225264459198464,RING_OF_IMMUNITY,免疫之戒
79225345946136576,RING_OF_IMMUNITY_DESCR,一枚神奇的戒指，能保护佩戴者免受任何疾病的侵害。
79237258029543424,ARCANE_SHEATH,奥术鞘
79238143291928576,ARCANE_SHEATH_DESCR,一把魔法武器的魔法鞘
79278777633583104,BOOK_OF_OATHS,誓言之书
79279258586034176,BOOK_OF_OATHS_DESCR,一本为纯洁心灵和坚定信仰者打造的神圣指南。这本受人尊敬的书籍照亮了圣骑士可选择的正义之路，提供智慧和指导，帮助他们将光明带入世界。
79572372018147328,ENCHANTED_ARROWS,附魔箭矢
79572859962503168,ENCHANTED_ARROWS_DESCR,一个装有附魔箭矢的箭袋。每支箭都附有毁灭性的元素效果。
79863416647561216,GLOVES_OF_DEXTERITY,大盗之手套
79864861371379712,GLOVES_OF_DEXTERITY_DESCR,一双曾属于传奇盗贼的手套，他能轻松打开任何锁。
79887076695453696,GOLDEN_HEART_OF_GHANENTA,迦亥恩塔的金心
79887262956105728,GOLDEN_HEART_OF_GHANENTA_DESCR,一件由传奇虔诚工匠精心打造的美丽珠宝。这件作品献给了爱与同情之神。
79905311868301312,INFINITE_MANA_CRYSTALL,无限法力水晶
79905695739392000,INFINITE_MANA_CRYSTALL_DESCR,一块似乎拥有无限法力的水晶。
79923390618775552,OLD_WIZARD_HUT,老法师帽
79925448084271104,OLD_WIZARD_HUT_DESCR,任何强大法师的经典服饰。
79926053100040192,TECHNIQUES_FLOWING_RIVER,流动之河的技巧
79927400763469824,TECHNIQUES_FLOWING_RIVER_DESCR,一本古老的武学书籍，描述了更依赖技巧而非力量的武术技巧。
79956962838818816,SPIKED_HELMET,钉刺头盔
79961147051323392,SPIKED_HELMET_DESCR,一顶非常尖锐的头盔。绝对不是邪恶的。
86038589859934208,MISCELLANOUS,杂项
118416669885239296,CONSUMABLE,消耗品
